Episode,Ep start ts,Feedback ts,Human Reward,Environment Reward
1,21:04:50.440851,21:04:57.355397,-1,-1.0
1,21:04:50.440851,21:04:58.837803,-1,-1.0
