{"airport_name": 0.020833333333333332, "aircraft_make_model": 0.08333333333333333, "effect_amount_of_damage": 0.08333333333333333, "flight_date": 0.041666666666666664, "aircraft_airline_operator": 0.0625, "origin_state": 0.125, "when_phase_of_flight": 0.0, "wildlife_size": 0.0625, "wildlife_species": 0.08333333333333333, "when_time_of_day": 0.08333333333333333, "cost_other": 0.125, "cost_repair": 0.0625, "cost_total_a": 0.08333333333333333, "speed_ias_in_knots": 0.08333333333333333}