{"airport_name": 0.07911392405063292, "aircraft_make_model": 0.0949367088607595, "effect_amount_of_damage": 0.03955696202531646, "flight_date": 0.014240506329113924, "aircraft_airline_operator": 0.015822784810126583, "origin_state": 0.09335443037974683, "when_phase_of_flight": 0.04430379746835443, "wildlife_size": 0.07120253164556962, "wildlife_species": 0.11234177215189874, "when_time_of_day": 0.07911392405063292, "cost_other": 0.08702531645569621, "cost_repair": 0.0949367088607595, "cost_total_a": 0.12658227848101267, "speed_ias_in_knots": 0.04746835443037975}