{"airport_name": 0.05102040816326531, "aircraft_make_model": 0.061224489795918366, "effect_amount_of_damage": 0.00510204081632653, "flight_date": 0.0, "aircraft_airline_operator": 0.061224489795918366, "origin_state": 0.20918367346938777, "when_phase_of_flight": 0.00510204081632653, "wildlife_size": 0.061224489795918366, "wildlife_species": 0.0, "when_time_of_day": 0.21428571428571427, "cost_other": 0.10714285714285714, "cost_repair": 0.061224489795918366, "cost_total_a": 0.05612244897959184, "speed_ias_in_knots": 0.10714285714285714}