{"airport_name": 0.0729665071770335, "aircraft_make_model": 0.12081339712918661, "effect_amount_of_damage": 0.03708133971291866, "flight_date": 0.014354066985645933, "aircraft_airline_operator": 0.0, "origin_state": 0.13636363636363635, "when_phase_of_flight": 0.0023923444976076554, "wildlife_size": 0.06937799043062201, "wildlife_species": 0.11842105263157894, "when_time_of_day": 0.06818181818181818, "cost_other": 0.12440191387559808, "cost_repair": 0.0729665071770335, "cost_total_a": 0.13875598086124402, "speed_ias_in_knots": 0.023923444976076555}