{"airport_name": 0.02666666666666667, "aircraft_make_model": 0.07333333333333333, "effect_amount_of_damage": 0.04666666666666667, "flight_date": 0.07333333333333333, "aircraft_airline_operator": 0.05333333333333334, "origin_state": 0.14666666666666667, "when_phase_of_flight": 0.006666666666666667, "wildlife_size": 0.08666666666666667, "wildlife_species": 0.02666666666666667, "when_time_of_day": 0.14666666666666667, "cost_other": 0.09333333333333334, "cost_repair": 0.08, "cost_total_a": 0.07333333333333333, "speed_ias_in_knots": 0.06666666666666667}