{"airport_name": 0.0851063829787234, "aircraft_make_model": 0.09574468085106383, "effect_amount_of_damage": 0.0425531914893617, "flight_date": 0.02127659574468085, "aircraft_airline_operator": 0.010638297872340425, "origin_state": 0.07446808510638298, "when_phase_of_flight": 0.02127659574468085, "wildlife_size": 0.07446808510638298, "wildlife_species": 0.11702127659574468, "when_time_of_day": 0.05319148936170213, "cost_other": 0.09574468085106383, "cost_repair": 0.11702127659574468, "cost_total_a": 0.13829787234042554, "speed_ias_in_knots": 0.05319148936170213}