{"airport_name": 0.23636363636363636, "aircraft_make_model": 0.03636363636363636, "effect_amount_of_damage": 0.0, "flight_date": 0.01818181818181818, "aircraft_airline_operator": 0.0, "origin_state": 0.03636363636363636, "when_phase_of_flight": 0.09090909090909091, "wildlife_size": 0.10909090909090909, "wildlife_species": 0.05454545454545454, "when_time_of_day": 0.01818181818181818, "cost_other": 0.07272727272727272, "cost_repair": 0.05454545454545454, "cost_total_a": 0.21818181818181817, "speed_ias_in_knots": 0.05454545454545454}