{"airport_name": 0.0, "aircraft_make_model": 0.09090909090909091, "effect_amount_of_damage": 0.0, "flight_date": 0.09090909090909091, "aircraft_airline_operator": 0.0, "origin_state": 0.09090909090909091, "when_phase_of_flight": 0.0, "wildlife_size": 0.13636363636363635, "wildlife_species": 0.18181818181818182, "when_time_of_day": 0.09090909090909091, "cost_other": 0.13636363636363635, "cost_repair": 0.09090909090909091, "cost_total_a": 0.0, "speed_ias_in_knots": 0.09090909090909091}