{"airport_name": 0.0, "aircraft_make_model": 0.32142857142857145, "effect_amount_of_damage": 0.10714285714285714, "flight_date": 0.0, "aircraft_airline_operator": 0.0, "origin_state": 0.0, "when_phase_of_flight": 0.0, "wildlife_size": 0.07142857142857142, "wildlife_species": 0.0, "when_time_of_day": 0.21428571428571427, "cost_other": 0.0, "cost_repair": 0.07142857142857142, "cost_total_a": 0.21428571428571427, "speed_ias_in_knots": 0.0}