{"airport_name": 0.0, "aircraft_make_model": 0.0, "effect_amount_of_damage": 0.0, "flight_date": 0.0, "aircraft_airline_operator": 0.0, "origin_state": 0.0, "when_phase_of_flight": 0.0, "wildlife_size": 0.30120481927710846, "wildlife_species": 0.04819277108433735, "when_time_of_day": 0.07228915662650602, "cost_other": 0.27710843373493976, "cost_repair": 0.26506024096385544, "cost_total_a": 0.03614457831325301, "speed_ias_in_knots": 0.0}