{"airport_name": 0.06666666666666667, "aircraft_make_model": 0.0, "effect_amount_of_damage": 0.08888888888888889, "flight_date": 0.0, "aircraft_airline_operator": 0.2, "origin_state": 0.26666666666666666, "when_phase_of_flight": 0.0, "wildlife_size": 0.0, "wildlife_species": 0.022222222222222223, "when_time_of_day": 0.0, "cost_other": 0.0, "cost_repair": 0.0, "cost_total_a": 0.2222222222222222, "speed_ias_in_knots": 0.13333333333333333}