{"airport_name": 0.08333333333333331, "aircraft_make_model": 0.0, "effect_amount_of_damage": 0.08333333333333331, "flight_date": 0.08333333333333331, "aircraft_airline_operator": 0.08333333333333331, "origin_state": 0.08333333333333331, "when_phase_of_flight": 0.08333333333333331, "wildlife_size": 0.08333333333333331, "wildlife_species": 0.08333333333333331, "when_time_of_day": 0.0, "cost_other": 0.08333333333333331, "cost_repair": 0.16666666666666663, "cost_total_a": 0.08333333333333331, "speed_ias_in_knots": 0.0}