{"airport_name": 0.023809523809523808, "aircraft_make_model": 0.09523809523809523, "effect_amount_of_damage": 0.09523809523809523, "flight_date": 0.07142857142857142, "aircraft_airline_operator": 0.023809523809523808, "origin_state": 0.047619047619047616, "when_phase_of_flight": 0.07142857142857142, "wildlife_size": 0.07142857142857142, "wildlife_species": 0.0, "when_time_of_day": 0.0, "cost_other": 0.09523809523809523, "cost_repair": 0.023809523809523808, "cost_total_a": 0.23809523809523808, "speed_ias_in_knots": 0.14285714285714285}