{"airport_name": 0.06060606060606061, "aircraft_make_model": 0.0, "effect_amount_of_damage": 0.12121212121212122, "flight_date": 0.0, "aircraft_airline_operator": 0.0, "origin_state": 0.12121212121212122, "when_phase_of_flight": 0.15151515151515152, "wildlife_size": 0.06060606060606061, "wildlife_species": 0.0, "when_time_of_day": 0.15151515151515152, "cost_other": 0.0, "cost_repair": 0.15151515151515152, "cost_total_a": 0.0, "speed_ias_in_knots": 0.18181818181818182}