{"airport_name": 0.0, "aircraft_make_model": 0.11111111111111109, "effect_amount_of_damage": 0.11111111111111109, "flight_date": 0.11111111111111109, "aircraft_airline_operator": 0.11111111111111109, "origin_state": 0.11111111111111109, "when_phase_of_flight": 0.11111111111111109, "wildlife_size": 0.0, "wildlife_species": 0.11111111111111109, "when_time_of_day": 0.0, "cost_other": 0.11111111111111109, "cost_repair": 0.11111111111111109, "cost_total_a": 0.0, "speed_ias_in_knots": 0.0}