{"airport_name": 0.0, "aircraft_make_model": 0.0909090909090909, "effect_amount_of_damage": 0.0909090909090909, "flight_date": 0.0909090909090909, "aircraft_airline_operator": 0.0, "origin_state": 0.0909090909090909, "when_phase_of_flight": 0.0909090909090909, "wildlife_size": 0.0909090909090909, "wildlife_species": 0.0909090909090909, "when_time_of_day": 0.0909090909090909, "cost_other": 0.0, "cost_repair": 0.0, "cost_total_a": 0.1818181818181818, "speed_ias_in_knots": 0.0909090909090909}