{"airport_name": 0.10869565217391304, "aircraft_make_model": 0.06521739130434782, "effect_amount_of_damage": 0.10869565217391304, "flight_date": 0.06521739130434782, "aircraft_airline_operator": 0.021739130434782608, "origin_state": 0.08695652173913043, "when_phase_of_flight": 0.06521739130434782, "wildlife_size": 0.021739130434782608, "wildlife_species": 0.06521739130434782, "when_time_of_day": 0.15217391304347827, "cost_other": 0.0, "cost_repair": 0.10869565217391304, "cost_total_a": 0.043478260869565216, "speed_ias_in_knots": 0.08695652173913043}