{"airport_name": 0.0547112462006079, "aircraft_make_model": 0.12462006079027356, "effect_amount_of_damage": 0.05167173252279635, "flight_date": 0.0364741641337386, "aircraft_airline_operator": 0.00303951367781155, "origin_state": 0.08814589665653495, "when_phase_of_flight": 0.00303951367781155, "wildlife_size": 0.10030395136778116, "wildlife_species": 0.1094224924012158, "when_time_of_day": 0.060790273556231005, "cost_other": 0.12462006079027356, "cost_repair": 0.0668693009118541, "cost_total_a": 0.13677811550151975, "speed_ias_in_knots": 0.03951367781155015}
