{"airport_name": 0.06451612903225806, "aircraft_make_model": 0.06451612903225806, "effect_amount_of_damage": 0.03225806451612903, "flight_date": 0.03225806451612903, "aircraft_airline_operator": 0.03225806451612903, "origin_state": 0.06451612903225806, "when_phase_of_flight": 0.0, "wildlife_size": 0.0967741935483871, "wildlife_species": 0.06451612903225806, "when_time_of_day": 0.06451612903225806, "cost_other": 0.12903225806451613, "cost_repair": 0.0967741935483871, "cost_total_a": 0.16129032258064516, "speed_ias_in_knots": 0.0967741935483871}