{"airport_name": 0.11920529801324503, "aircraft_make_model": 0.052980132450331126, "effect_amount_of_damage": 0.09933774834437085, "flight_date": 0.06622516556291391, "aircraft_airline_operator": 0.046357615894039736, "origin_state": 0.06622516556291391, "when_phase_of_flight": 0.0728476821192053, "wildlife_size": 0.052980132450331126, "wildlife_species": 0.026490066225165563, "when_time_of_day": 0.11920529801324503, "cost_other": 0.0728476821192053, "cost_repair": 0.08609271523178808, "cost_total_a": 0.06622516556291391, "speed_ias_in_knots": 0.052980132450331126}