{"airport_name": 0.05405405405405406, "aircraft_make_model": 0.04864864864864865, "effect_amount_of_damage": 0.05945945945945946, "flight_date": 0.07027027027027027, "aircraft_airline_operator": 0.07027027027027027, "origin_state": 0.14594594594594595, "when_phase_of_flight": 0.07567567567567568, "wildlife_size": 0.12972972972972974, "wildlife_species": 0.04864864864864865, "when_time_of_day": 0.05405405405405406, "cost_other": 0.08108108108108109, "cost_repair": 0.043243243243243246, "cost_total_a": 0.043243243243243246, "speed_ias_in_knots": 0.07567567567567568}