{"airport_name": 0.09090909090909091, "aircraft_make_model": 0.06060606060606061, "effect_amount_of_damage": 0.09090909090909091, "flight_date": 0.06060606060606061, "aircraft_airline_operator": 0.030303030303030304, "origin_state": 0.06060606060606061, "when_phase_of_flight": 0.09090909090909091, "wildlife_size": 0.030303030303030304, "wildlife_species": 0.12121212121212122, "when_time_of_day": 0.030303030303030304, "cost_other": 0.09090909090909091, "cost_repair": 0.06060606060606061, "cost_total_a": 0.09090909090909091, "speed_ias_in_knots": 0.09090909090909091}