{"airport_name": 0.046511627906976744, "aircraft_make_model": 0.046511627906976744, "effect_amount_of_damage": 0.11627906976744186, "flight_date": 0.06976744186046512, "aircraft_airline_operator": 0.046511627906976744, "origin_state": 0.046511627906976744, "when_phase_of_flight": 0.06976744186046512, "wildlife_size": 0.046511627906976744, "wildlife_species": 0.046511627906976744, "when_time_of_day": 0.09302325581395349, "cost_other": 0.06976744186046512, "cost_repair": 0.06976744186046512, "cost_total_a": 0.11627906976744186, "speed_ias_in_knots": 0.11627906976744186}