{"airport_name": 0.05263157894736842, "aircraft_make_model": 0.10526315789473684, "effect_amount_of_damage": 0.05263157894736842, "flight_date": 0.05263157894736842, "aircraft_airline_operator": 0.07894736842105263, "origin_state": 0.10526315789473684, "when_phase_of_flight": 0.05263157894736842, "wildlife_size": 0.05263157894736842, "wildlife_species": 0.07894736842105263, "when_time_of_day": 0.02631578947368421, "cost_other": 0.07894736842105263, "cost_repair": 0.07894736842105263, "cost_total_a": 0.07894736842105263, "speed_ias_in_knots": 0.10526315789473684}