{"airport_name": 0.2721518987341772, "aircraft_make_model": 0.02531645569620253, "effect_amount_of_damage": 0.0, "flight_date": 0.25949367088607594, "aircraft_airline_operator": 0.0, "origin_state": 0.02531645569620253, "when_phase_of_flight": 0.0, "wildlife_size": 0.25316455696202533, "wildlife_species": 0.03164556962025317, "when_time_of_day": 0.0189873417721519, "cost_other": 0.03164556962025317, "cost_repair": 0.0379746835443038, "cost_total_a": 0.012658227848101266, "speed_ias_in_knots": 0.03164556962025317}