{"airport_name": 0.1111111111111111, "aircraft_make_model": 0.08333333333333333, "effect_amount_of_damage": 0.05555555555555555, "flight_date": 0.05555555555555555, "aircraft_airline_operator": 0.0, "origin_state": 0.1111111111111111, "when_phase_of_flight": 0.027777777777777776, "wildlife_size": 0.08333333333333333, "wildlife_species": 0.08333333333333333, "when_time_of_day": 0.027777777777777776, "cost_other": 0.05555555555555555, "cost_repair": 0.1388888888888889, "cost_total_a": 0.05555555555555555, "speed_ias_in_knots": 0.1111111111111111}