{"airport_name": 0.11538461538461539, "aircraft_make_model": 0.11538461538461539, "effect_amount_of_damage": 0.07692307692307693, "flight_date": 0.057692307692307696, "aircraft_airline_operator": 0.057692307692307696, "origin_state": 0.038461538461538464, "when_phase_of_flight": 0.07692307692307693, "wildlife_size": 0.057692307692307696, "wildlife_species": 0.019230769230769232, "when_time_of_day": 0.0, "cost_other": 0.07692307692307693, "cost_repair": 0.057692307692307696, "cost_total_a": 0.15384615384615385, "speed_ias_in_knots": 0.09615384615384616}