{"airport_name": 0.1774193548387097, "aircraft_make_model": 0.11290322580645161, "effect_amount_of_damage": 0.016129032258064516, "flight_date": 0.1935483870967742, "aircraft_airline_operator": 0.0, "origin_state": 0.03225806451612903, "when_phase_of_flight": 0.0, "wildlife_size": 0.1935483870967742, "wildlife_species": 0.03225806451612903, "when_time_of_day": 0.0967741935483871, "cost_other": 0.08064516129032258, "cost_repair": 0.03225806451612903, "cost_total_a": 0.03225806451612903, "speed_ias_in_knots": 0.0}