{"airport_name": 0.05263157894736842, "aircraft_make_model": 0.0, "effect_amount_of_damage": 0.15789473684210525, "flight_date": 0.05263157894736842, "aircraft_airline_operator": 0.21052631578947367, "origin_state": 0.21052631578947367, "when_phase_of_flight": 0.05263157894736842, "wildlife_size": 0.0, "wildlife_species": 0.0, "when_time_of_day": 0.0, "cost_other": 0.0, "cost_repair": 0.0, "cost_total_a": 0.21052631578947367, "speed_ias_in_knots": 0.05263157894736842}