{"airport_name": 0.0821917808219178, "aircraft_make_model": 0.0821917808219178, "effect_amount_of_damage": 0.07534246575342465, "flight_date": 0.04794520547945205, "aircraft_airline_operator": 0.0684931506849315, "origin_state": 0.08904109589041095, "when_phase_of_flight": 0.0958904109589041, "wildlife_size": 0.08904109589041095, "wildlife_species": 0.06164383561643835, "when_time_of_day": 0.06164383561643835, "cost_other": 0.06164383561643835, "cost_repair": 0.0547945205479452, "cost_total_a": 0.0684931506849315, "speed_ias_in_knots": 0.06164383561643835}