{"airport_name": 0.07407407407407407, "aircraft_make_model": 0.0, "effect_amount_of_damage": 0.1111111111111111, "flight_date": 0.0, "aircraft_airline_operator": 0.037037037037037035, "origin_state": 0.0, "when_phase_of_flight": 0.2222222222222222, "wildlife_size": 0.07407407407407407, "wildlife_species": 0.2222222222222222, "when_time_of_day": 0.037037037037037035, "cost_other": 0.037037037037037035, "cost_repair": 0.037037037037037035, "cost_total_a": 0.07407407407407407, "speed_ias_in_knots": 0.07407407407407407}