{"airport_name": 0.07462686567164178, "aircraft_make_model": 0.029850746268656716, "effect_amount_of_damage": 0.11940298507462686, "flight_date": 0.014925373134328358, "aircraft_airline_operator": 0.029850746268656716, "origin_state": 0.05970149253731343, "when_phase_of_flight": 0.04477611940298507, "wildlife_size": 0.07462686567164178, "wildlife_species": 0.07462686567164178, "when_time_of_day": 0.11940298507462686, "cost_other": 0.08955223880597014, "cost_repair": 0.05970149253731343, "cost_total_a": 0.07462686567164178, "speed_ias_in_knots": 0.13432835820895522}