{"airport_name": 0.2018348623853211, "aircraft_make_model": 0.05504587155963303, "effect_amount_of_damage": 0.03669724770642202, "flight_date": 0.11926605504587157, "aircraft_airline_operator": 0.01834862385321101, "origin_state": 0.03669724770642202, "when_phase_of_flight": 0.01834862385321101, "wildlife_size": 0.1559633027522936, "wildlife_species": 0.06422018348623854, "when_time_of_day": 0.01834862385321101, "cost_other": 0.05504587155963303, "cost_repair": 0.05504587155963303, "cost_total_a": 0.12844036697247707, "speed_ias_in_knots": 0.03669724770642202}