{"airport_name": 0.09999999999999998, "aircraft_make_model": 0.09999999999999998, "effect_amount_of_damage": 0.0, "flight_date": 0.19999999999999996, "aircraft_airline_operator": 0.0, "origin_state": 0.0, "when_phase_of_flight": 0.0, "wildlife_size": 0.19999999999999996, "wildlife_species": 0.09999999999999998, "when_time_of_day": 0.09999999999999998, "cost_other": 0.09999999999999998, "cost_repair": 0.0, "cost_total_a": 0.0, "speed_ias_in_knots": 0.09999999999999998}