{"airport_name": 0.062146892655367235, "aircraft_make_model": 0.06779661016949153, "effect_amount_of_damage": 0.05084745762711865, "flight_date": 0.04519774011299435, "aircraft_airline_operator": 0.062146892655367235, "origin_state": 0.11299435028248588, "when_phase_of_flight": 0.05084745762711865, "wildlife_size": 0.11299435028248588, "wildlife_species": 0.07909604519774012, "when_time_of_day": 0.0903954802259887, "cost_other": 0.04519774011299435, "cost_repair": 0.06779661016949153, "cost_total_a": 0.096045197740113, "speed_ias_in_knots": 0.05649717514124294}