{"airport_name": 0.0, "aircraft_make_model": 0.0, "effect_amount_of_damage": 0.06451612903225806, "flight_date": 0.3225806451612903, "aircraft_airline_operator": 0.0, "origin_state": 0.0, "when_phase_of_flight": 0.3225806451612903, "wildlife_size": 0.0, "wildlife_species": 0.03225806451612903, "when_time_of_day": 0.0, "cost_other": 0.0, "cost_repair": 0.0, "cost_total_a": 0.16129032258064516, "speed_ias_in_knots": 0.0967741935483871}