{"airport_name": 0.07142857142857142, "aircraft_make_model": 0.05714285714285714, "effect_amount_of_damage": 0.09285714285714286, "flight_date": 0.1, "aircraft_airline_operator": 0.07857142857142857, "origin_state": 0.05, "when_phase_of_flight": 0.1, "wildlife_size": 0.04285714285714286, "wildlife_species": 0.05714285714285714, "when_time_of_day": 0.09285714285714286, "cost_other": 0.07142857142857142, "cost_repair": 0.1, "cost_total_a": 0.03571428571428571, "speed_ias_in_knots": 0.05}