{"airport_name": 0.06666666666666667, "aircraft_make_model": 0.05, "effect_amount_of_damage": 0.08888888888888889, "flight_date": 0.08333333333333333, "aircraft_airline_operator": 0.07777777777777778, "origin_state": 0.06666666666666667, "when_phase_of_flight": 0.05, "wildlife_size": 0.07222222222222222, "wildlife_species": 0.05555555555555555, "when_time_of_day": 0.07777777777777778, "cost_other": 0.1, "cost_repair": 0.06666666666666667, "cost_total_a": 0.05, "speed_ias_in_knots": 0.09444444444444444}