{"airport_name": 0.0, "aircraft_make_model": 0.0, "effect_amount_of_damage": 0.0, "flight_date": 0.0, "aircraft_airline_operator": 0.0, "origin_state": 0.0, "when_phase_of_flight": 0.14285714285714285, "wildlife_size": 0.4285714285714285, "wildlife_species": 0.14285714285714285, "when_time_of_day": 0.14285714285714285, "cost_other": 0.0, "cost_repair": 0.14285714285714285, "cost_total_a": 0.0, "speed_ias_in_knots": 0.0}