{"airport_name": 0.10526315789473684, "aircraft_make_model": 0.08771929824561403, "effect_amount_of_damage": 0.03508771929824561, "flight_date": 0.05263157894736842, "aircraft_airline_operator": 0.07017543859649122, "origin_state": 0.07017543859649122, "when_phase_of_flight": 0.07017543859649122, "wildlife_size": 0.017543859649122806, "wildlife_species": 0.08771929824561403, "when_time_of_day": 0.05263157894736842, "cost_other": 0.07017543859649122, "cost_repair": 0.12280701754385964, "cost_total_a": 0.08771929824561403, "speed_ias_in_knots": 0.07017543859649122}