{"airport_name": 0.09090909090909091, "aircraft_make_model": 0.09090909090909091, "effect_amount_of_damage": 0.06060606060606061, "flight_date": 0.09090909090909091, "aircraft_airline_operator": 0.07575757575757576, "origin_state": 0.09090909090909091, "when_phase_of_flight": 0.06060606060606061, "wildlife_size": 0.07575757575757576, "wildlife_species": 0.06060606060606061, "when_time_of_day": 0.030303030303030304, "cost_other": 0.07575757575757576, "cost_repair": 0.09090909090909091, "cost_total_a": 0.06060606060606061, "speed_ias_in_knots": 0.045454545454545456}