{"airport_name": 0.058823529411764705, "aircraft_make_model": 0.029411764705882353, "effect_amount_of_damage": 0.17647058823529413, "flight_date": 0.08823529411764706, "aircraft_airline_operator": 0.08823529411764706, "origin_state": 0.058823529411764705, "when_phase_of_flight": 0.08823529411764706, "wildlife_size": 0.058823529411764705, "wildlife_species": 0.029411764705882353, "when_time_of_day": 0.058823529411764705, "cost_other": 0.058823529411764705, "cost_repair": 0.058823529411764705, "cost_total_a": 0.11764705882352941, "speed_ias_in_knots": 0.029411764705882353}