{"airport_name": 0.08163265306122448, "aircraft_make_model": 0.10204081632653061, "effect_amount_of_damage": 0.02040816326530612, "flight_date": 0.12244897959183673, "aircraft_airline_operator": 0.10204081632653061, "origin_state": 0.061224489795918366, "when_phase_of_flight": 0.0, "wildlife_size": 0.04081632653061224, "wildlife_species": 0.061224489795918366, "when_time_of_day": 0.08163265306122448, "cost_other": 0.12244897959183673, "cost_repair": 0.10204081632653061, "cost_total_a": 0.08163265306122448, "speed_ias_in_knots": 0.02040816326530612}