{"airport_name": 0.0, "aircraft_make_model": 0.13333333333333333, "effect_amount_of_damage": 0.03333333333333333, "flight_date": 0.06666666666666667, "aircraft_airline_operator": 0.06666666666666667, "origin_state": 0.06666666666666667, "when_phase_of_flight": 0.1, "wildlife_size": 0.03333333333333333, "wildlife_species": 0.03333333333333333, "when_time_of_day": 0.06666666666666667, "cost_other": 0.03333333333333333, "cost_repair": 0.16666666666666666, "cost_total_a": 0.1, "speed_ias_in_knots": 0.1}