{"airport_name": 0.07482993197278912, "aircraft_make_model": 0.09523809523809523, "effect_amount_of_damage": 0.05442176870748299, "flight_date": 0.08843537414965986, "aircraft_airline_operator": 0.06802721088435375, "origin_state": 0.05442176870748299, "when_phase_of_flight": 0.047619047619047616, "wildlife_size": 0.10204081632653061, "wildlife_species": 0.06802721088435375, "when_time_of_day": 0.08843537414965986, "cost_other": 0.06802721088435375, "cost_repair": 0.07482993197278912, "cost_total_a": 0.06802721088435375, "speed_ias_in_knots": 0.047619047619047616}