{"airport_name": 0.08333333333333333, "aircraft_make_model": 0.0, "effect_amount_of_damage": 0.08333333333333333, "flight_date": 0.08333333333333333, "aircraft_airline_operator": 0.08333333333333333, "origin_state": 0.125, "when_phase_of_flight": 0.08333333333333333, "wildlife_size": 0.08333333333333333, "wildlife_species": 0.041666666666666664, "when_time_of_day": 0.041666666666666664, "cost_other": 0.0, "cost_repair": 0.0, "cost_total_a": 0.125, "speed_ias_in_knots": 0.16666666666666666}