{"airport_name": 0.08928571428571429, "aircraft_make_model": 0.07142857142857142, "effect_amount_of_damage": 0.0625, "flight_date": 0.08035714285714286, "aircraft_airline_operator": 0.08928571428571429, "origin_state": 0.08928571428571429, "when_phase_of_flight": 0.0625, "wildlife_size": 0.08035714285714286, "wildlife_species": 0.07142857142857142, "when_time_of_day": 0.0625, "cost_other": 0.044642857142857144, "cost_repair": 0.08928571428571429, "cost_total_a": 0.05357142857142857, "speed_ias_in_knots": 0.05357142857142857}