{"RL": [1.0, 0.0, 0.0, 1.0, 0.3333333333333333, 1.0], "Random": [0.0, 0.3333333333333333, 0.0, 0.3333333333333333, 0.0, 0.0], "Momentum": [0.6666666666666666, 1.0, 0.6666666666666666, 0.0, 0.5, 1.0]}