{"RL": [0.6666666666666666, 0.4, 0.8], "Random": [0.0, 0.0, 0.3333333333333333], "Momentum": [0.5238095238095238, 1.0, 0.8666666666666667]}