{"airport_name": 0.049773755656108594, "aircraft_make_model": 0.06334841628959276, "effect_amount_of_damage": 0.04072398190045249, "flight_date": 0.05429864253393665, "aircraft_airline_operator": 0.09502262443438914, "origin_state": 0.13574660633484162, "when_phase_of_flight": 0.01809954751131222, "wildlife_size": 0.09049773755656108, "wildlife_species": 0.027149321266968326, "when_time_of_day": 0.12669683257918551, "cost_other": 0.06334841628959276, "cost_repair": 0.08597285067873303, "cost_total_a": 0.09502262443438914, "speed_ias_in_knots": 0.05429864253393665}