{"airport_name": 0.08156028368794327, "aircraft_make_model": 0.06382978723404255, "effect_amount_of_damage": 0.03900709219858156, "flight_date": 0.09929078014184398, "aircraft_airline_operator": 0.09574468085106383, "origin_state": 0.10283687943262411, "when_phase_of_flight": 0.03546099290780142, "wildlife_size": 0.07801418439716312, "wildlife_species": 0.031914893617021274, "when_time_of_day": 0.09929078014184398, "cost_other": 0.06382978723404255, "cost_repair": 0.07092198581560284, "cost_total_a": 0.09929078014184398, "speed_ias_in_knots": 0.03900709219858156}