{"airport_name": 0.0778816199376947, "aircraft_make_model": 0.059190031152647975, "effect_amount_of_damage": 0.06542056074766354, "flight_date": 0.09034267912772585, "aircraft_airline_operator": 0.06542056074766354, "origin_state": 0.04672897196261682, "when_phase_of_flight": 0.08411214953271028, "wildlife_size": 0.06853582554517133, "wildlife_species": 0.04361370716510903, "when_time_of_day": 0.07476635514018691, "cost_other": 0.08722741433021806, "cost_repair": 0.07476635514018691, "cost_total_a": 0.08722741433021806, "speed_ias_in_knots": 0.07476635514018691}