{"airport_name": 0.21008403361344538, "aircraft_make_model": 0.20168067226890757, "effect_amount_of_damage": 0.07563025210084033, "flight_date": 0.05042016806722689, "aircraft_airline_operator": 0.058823529411764705, "origin_state": 0.05042016806722689, "when_phase_of_flight": 0.04201680672268908, "wildlife_size": 0.1092436974789916, "wildlife_species": 0.025210084033613446, "when_time_of_day": 0.058823529411764705, "cost_other": 0.01680672268907563, "cost_repair": 0.03361344537815126, "cost_total_a": 0.05042016806722689, "speed_ias_in_knots": 0.01680672268907563}