{"airport_name": 0.037037037037037035, "aircraft_make_model": 0.07407407407407407, "effect_amount_of_damage": 0.037037037037037035, "flight_date": 0.037037037037037035, "aircraft_airline_operator": 0.07407407407407407, "origin_state": 0.24074074074074073, "when_phase_of_flight": 0.0, "wildlife_size": 0.09259259259259259, "wildlife_species": 0.0, "when_time_of_day": 0.16666666666666666, "cost_other": 0.1111111111111111, "cost_repair": 0.018518518518518517, "cost_total_a": 0.018518518518518517, "speed_ias_in_knots": 0.09259259259259259}