{"airport_name": 0.02857142857142857, "aircraft_make_model": 0.11428571428571428, "effect_amount_of_damage": 0.02857142857142857, "flight_date": 0.02857142857142857, "aircraft_airline_operator": 0.05714285714285714, "origin_state": 0.08571428571428572, "when_phase_of_flight": 0.11428571428571428, "wildlife_size": 0.02857142857142857, "wildlife_species": 0.08571428571428572, "when_time_of_day": 0.02857142857142857, "cost_other": 0.05714285714285714, "cost_repair": 0.08571428571428572, "cost_total_a": 0.11428571428571428, "speed_ias_in_knots": 0.14285714285714285}