{"airport_name": 0.10810810810810811, "aircraft_make_model": 0.13513513513513514, "effect_amount_of_damage": 0.02702702702702703, "flight_date": 0.02702702702702703, "aircraft_airline_operator": 0.02702702702702703, "origin_state": 0.08108108108108109, "when_phase_of_flight": 0.02702702702702703, "wildlife_size": 0.10810810810810811, "wildlife_species": 0.13513513513513514, "when_time_of_day": 0.10810810810810811, "cost_other": 0.05405405405405406, "cost_repair": 0.08108108108108109, "cost_total_a": 0.05405405405405406, "speed_ias_in_knots": 0.02702702702702703}