{"airport_name": 0.030927835051546393, "aircraft_make_model": 0.010309278350515464, "effect_amount_of_damage": 0.09278350515463918, "flight_date": 0.041237113402061855, "aircraft_airline_operator": 0.15463917525773196, "origin_state": 0.12371134020618557, "when_phase_of_flight": 0.020618556701030927, "wildlife_size": 0.15463917525773196, "wildlife_species": 0.010309278350515464, "when_time_of_day": 0.041237113402061855, "cost_other": 0.010309278350515464, "cost_repair": 0.13402061855670103, "cost_total_a": 0.17525773195876287, "speed_ias_in_knots": 0.0}