{"airport_name": 0.0, "aircraft_make_model": 0.12499999999999997, "effect_amount_of_damage": 0.0, "flight_date": 0.0, "aircraft_airline_operator": 0.12499999999999997, "origin_state": 0.37499999999999994, "when_phase_of_flight": 0.0, "wildlife_size": 0.12499999999999997, "wildlife_species": 0.0, "when_time_of_day": 0.0, "cost_other": 0.12499999999999997, "cost_repair": 0.0, "cost_total_a": 0.0, "speed_ias_in_knots": 0.12499999999999997}