{"airport_name": 0.06181818181818182, "aircraft_make_model": 0.10181818181818182, "effect_amount_of_damage": 0.05818181818181818, "flight_date": 0.06181818181818182, "aircraft_airline_operator": 0.09090909090909091, "origin_state": 0.08727272727272728, "when_phase_of_flight": 0.08, "wildlife_size": 0.07272727272727272, "wildlife_species": 0.06545454545454546, "when_time_of_day": 0.06909090909090909, "cost_other": 0.04727272727272727, "cost_repair": 0.08, "cost_total_a": 0.05818181818181818, "speed_ias_in_knots": 0.06545454545454546}