{"airport_name": 0.07339449541284404, "aircraft_make_model": 0.08256880733944955, "effect_amount_of_damage": 0.0672782874617737, "flight_date": 0.07033639143730887, "aircraft_airline_operator": 0.07033639143730887, "origin_state": 0.0672782874617737, "when_phase_of_flight": 0.06116207951070336, "wildlife_size": 0.0672782874617737, "wildlife_species": 0.0672782874617737, "when_time_of_day": 0.09480122324159021, "cost_other": 0.05504587155963303, "cost_repair": 0.08256880733944955, "cost_total_a": 0.06422018348623854, "speed_ias_in_knots": 0.0764525993883792}