{"airport_name": 0.1085972850678733, "aircraft_make_model": 0.09502262443438914, "effect_amount_of_damage": 0.08597285067873303, "flight_date": 0.05429864253393665, "aircraft_airline_operator": 0.09049773755656108, "origin_state": 0.06334841628959276, "when_phase_of_flight": 0.049773755656108594, "wildlife_size": 0.04524886877828054, "wildlife_species": 0.04524886877828054, "when_time_of_day": 0.09502262443438914, "cost_other": 0.08597285067873303, "cost_repair": 0.07239819004524888, "cost_total_a": 0.03167420814479638, "speed_ias_in_knots": 0.07692307692307693}