{"airport_name": 0.057692307692307696, "aircraft_make_model": 0.038461538461538464, "effect_amount_of_damage": 0.07692307692307693, "flight_date": 0.07692307692307693, "aircraft_airline_operator": 0.09615384615384616, "origin_state": 0.057692307692307696, "when_phase_of_flight": 0.11538461538461539, "wildlife_size": 0.09615384615384616, "wildlife_species": 0.07692307692307693, "when_time_of_day": 0.07692307692307693, "cost_other": 0.07692307692307693, "cost_repair": 0.038461538461538464, "cost_total_a": 0.07692307692307693, "speed_ias_in_knots": 0.038461538461538464}