{"airport_name": 0.07801418439716312, "aircraft_make_model": 0.05673758865248227, "effect_amount_of_damage": 0.08156028368794327, "flight_date": 0.07446808510638298, "aircraft_airline_operator": 0.0673758865248227, "origin_state": 0.0673758865248227, "when_phase_of_flight": 0.0851063829787234, "wildlife_size": 0.0673758865248227, "wildlife_species": 0.0851063829787234, "when_time_of_day": 0.05319148936170213, "cost_other": 0.05319148936170213, "cost_repair": 0.07801418439716312, "cost_total_a": 0.1099290780141844, "speed_ias_in_knots": 0.0425531914893617}