{"airport_name": 0.05970149253731343, "aircraft_make_model": 0.04477611940298507, "effect_amount_of_damage": 0.08955223880597014, "flight_date": 0.08955223880597014, "aircraft_airline_operator": 0.07462686567164178, "origin_state": 0.08955223880597014, "when_phase_of_flight": 0.1044776119402985, "wildlife_size": 0.07462686567164178, "wildlife_species": 0.07462686567164178, "when_time_of_day": 0.07462686567164178, "cost_other": 0.029850746268656716, "cost_repair": 0.07462686567164178, "cost_total_a": 0.1044776119402985, "speed_ias_in_knots": 0.014925373134328358}