{"airport_name": 0.08333333333333333, "aircraft_make_model": 0.10416666666666667, "effect_amount_of_damage": 0.0, "flight_date": 0.041666666666666664, "aircraft_airline_operator": 0.041666666666666664, "origin_state": 0.020833333333333332, "when_phase_of_flight": 0.125, "wildlife_size": 0.1875, "wildlife_species": 0.020833333333333332, "when_time_of_day": 0.125, "cost_other": 0.14583333333333334, "cost_repair": 0.020833333333333332, "cost_total_a": 0.020833333333333332, "speed_ias_in_knots": 0.0625}