{"airport_name": 0.0547945205479452, "aircraft_make_model": 0.0684931506849315, "effect_amount_of_damage": 0.0547945205479452, "flight_date": 0.0593607305936073, "aircraft_airline_operator": 0.0684931506849315, "origin_state": 0.136986301369863, "when_phase_of_flight": 0.0228310502283105, "wildlife_size": 0.0821917808219178, "wildlife_species": 0.0273972602739726, "when_time_of_day": 0.1050228310502283, "cost_other": 0.0821917808219178, "cost_repair": 0.0821917808219178, "cost_total_a": 0.0821917808219178, "speed_ias_in_knots": 0.0730593607305936}