{"airport_name": 0.0, "aircraft_make_model": 0.07692307692307691, "effect_amount_of_damage": 0.07692307692307691, "flight_date": 0.15384615384615383, "aircraft_airline_operator": 0.15384615384615383, "origin_state": 0.0, "when_phase_of_flight": 0.0, "wildlife_size": 0.15384615384615383, "wildlife_species": 0.07692307692307691, "when_time_of_day": 0.07692307692307691, "cost_other": 0.07692307692307691, "cost_repair": 0.07692307692307691, "cost_total_a": 0.07692307692307691, "speed_ias_in_knots": 0.0}