{"airport_name": 0.054878048780487805, "aircraft_make_model": 0.057926829268292686, "effect_amount_of_damage": 0.04573170731707317, "flight_date": 0.07621951219512195, "aircraft_airline_operator": 0.08536585365853659, "origin_state": 0.054878048780487805, "when_phase_of_flight": 0.07317073170731707, "wildlife_size": 0.0701219512195122, "wildlife_species": 0.08536585365853659, "when_time_of_day": 0.06402439024390244, "cost_other": 0.07621951219512195, "cost_repair": 0.08231707317073171, "cost_total_a": 0.08536585365853659, "speed_ias_in_knots": 0.08841463414634146}