{"airport_name": 0.034782608695652174, "aircraft_make_model": 0.06956521739130435, "effect_amount_of_damage": 0.05217391304347826, "flight_date": 0.034782608695652174, "aircraft_airline_operator": 0.08695652173913043, "origin_state": 0.06086956521739131, "when_phase_of_flight": 0.08695652173913043, "wildlife_size": 0.09565217391304348, "wildlife_species": 0.06956521739130435, "when_time_of_day": 0.08695652173913043, "cost_other": 0.043478260869565216, "cost_repair": 0.13043478260869565, "cost_total_a": 0.06086956521739131, "speed_ias_in_knots": 0.08695652173913043}