{"airport_name": 0.06451612903225806, "aircraft_make_model": 0.04608294930875576, "effect_amount_of_damage": 0.07373271889400922, "flight_date": 0.08755760368663594, "aircraft_airline_operator": 0.10138248847926268, "origin_state": 0.06451612903225806, "when_phase_of_flight": 0.059907834101382486, "wildlife_size": 0.06912442396313365, "wildlife_species": 0.06451612903225806, "when_time_of_day": 0.09216589861751152, "cost_other": 0.07834101382488479, "cost_repair": 0.08294930875576037, "cost_total_a": 0.055299539170506916, "speed_ias_in_knots": 0.059907834101382486}