{"airport_name": 0.07342657342657342, "aircraft_make_model": 0.05944055944055944, "effect_amount_of_damage": 0.06993006993006994, "flight_date": 0.07692307692307693, "aircraft_airline_operator": 0.06993006993006994, "origin_state": 0.03496503496503497, "when_phase_of_flight": 0.06643356643356643, "wildlife_size": 0.06993006993006994, "wildlife_species": 0.0979020979020979, "when_time_of_day": 0.08041958041958042, "cost_other": 0.1048951048951049, "cost_repair": 0.07692307692307693, "cost_total_a": 0.05944055944055944, "speed_ias_in_knots": 0.05944055944055944}