{"airport_name": 0.06451612903225806, "aircraft_make_model": 0.07624633431085044, "effect_amount_of_damage": 0.06744868035190615, "flight_date": 0.0967741935483871, "aircraft_airline_operator": 0.06451612903225806, "origin_state": 0.06451612903225806, "when_phase_of_flight": 0.05278592375366569, "wildlife_size": 0.05278592375366569, "wildlife_species": 0.09090909090909091, "when_time_of_day": 0.08211143695014662, "cost_other": 0.05278592375366569, "cost_repair": 0.07331378299120235, "cost_total_a": 0.07331378299120235, "speed_ias_in_knots": 0.08797653958944282}