{"airport_name": 0.05555555555555555, "aircraft_make_model": 0.0, "effect_amount_of_damage": 0.05555555555555555, "flight_date": 0.16666666666666666, "aircraft_airline_operator": 0.05555555555555555, "origin_state": 0.0, "when_phase_of_flight": 0.1111111111111111, "wildlife_size": 0.1111111111111111, "wildlife_species": 0.05555555555555555, "when_time_of_day": 0.0, "cost_other": 0.1111111111111111, "cost_repair": 0.05555555555555555, "cost_total_a": 0.05555555555555555, "speed_ias_in_knots": 0.16666666666666666}