{"airport_name": 0.08896797153024912, "aircraft_make_model": 0.05338078291814947, "effect_amount_of_damage": 0.042704626334519574, "flight_date": 0.099644128113879, "aircraft_airline_operator": 0.09608540925266904, "origin_state": 0.09252669039145907, "when_phase_of_flight": 0.03914590747330961, "wildlife_size": 0.08896797153024912, "wildlife_species": 0.03202846975088968, "when_time_of_day": 0.08896797153024912, "cost_other": 0.06761565836298933, "cost_repair": 0.06761565836298933, "cost_total_a": 0.09252669039145907, "speed_ias_in_knots": 0.0498220640569395}