{"airport_name": 0.058823529411764705, "aircraft_make_model": 0.058823529411764705, "effect_amount_of_damage": 0.0784313725490196, "flight_date": 0.09803921568627451, "aircraft_airline_operator": 0.058823529411764705, "origin_state": 0.17647058823529413, "when_phase_of_flight": 0.0196078431372549, "wildlife_size": 0.0784313725490196, "wildlife_species": 0.0196078431372549, "when_time_of_day": 0.0784313725490196, "cost_other": 0.0784313725490196, "cost_repair": 0.0784313725490196, "cost_total_a": 0.0784313725490196, "speed_ias_in_knots": 0.0392156862745098}