{"airport_name": 0.058823529411764705, "aircraft_make_model": 0.29411764705882354, "effect_amount_of_damage": 0.0, "flight_date": 0.058823529411764705, "aircraft_airline_operator": 0.0, "origin_state": 0.058823529411764705, "when_phase_of_flight": 0.11764705882352941, "wildlife_size": 0.058823529411764705, "wildlife_species": 0.0, "when_time_of_day": 0.058823529411764705, "cost_other": 0.058823529411764705, "cost_repair": 0.0, "cost_total_a": 0.11764705882352941, "speed_ias_in_knots": 0.11764705882352941}