{"airport_name": 0.06103286384976526, "aircraft_make_model": 0.06572769953051644, "effect_amount_of_damage": 0.09389671361502347, "flight_date": 0.07981220657276995, "aircraft_airline_operator": 0.07511737089201878, "origin_state": 0.08450704225352113, "when_phase_of_flight": 0.07981220657276995, "wildlife_size": 0.046948356807511735, "wildlife_species": 0.07511737089201878, "when_time_of_day": 0.07981220657276995, "cost_other": 0.06103286384976526, "cost_repair": 0.07042253521126761, "cost_total_a": 0.056338028169014086, "speed_ias_in_knots": 0.07042253521126761}