{"airport_name": 0.0647887323943662, "aircraft_make_model": 0.05352112676056338, "effect_amount_of_damage": 0.014084507042253521, "flight_date": 0.022535211267605635, "aircraft_airline_operator": 0.0647887323943662, "origin_state": 0.19436619718309858, "when_phase_of_flight": 0.011267605633802818, "wildlife_size": 0.0647887323943662, "wildlife_species": 0.008450704225352112, "when_time_of_day": 0.18873239436619718, "cost_other": 0.10140845070422536, "cost_repair": 0.061971830985915494, "cost_total_a": 0.061971830985915494, "speed_ias_in_knots": 0.08732394366197183}