{"airport_name": 0.14084507042253522, "aircraft_make_model": 0.18309859154929578, "effect_amount_of_damage": 0.11267605633802817, "flight_date": 0.08450704225352113, "aircraft_airline_operator": 0.07042253521126761, "origin_state": 0.028169014084507043, "when_phase_of_flight": 0.11267605633802817, "wildlife_size": 0.08450704225352113, "wildlife_species": 0.0, "when_time_of_day": 0.056338028169014086, "cost_other": 0.028169014084507043, "cost_repair": 0.0, "cost_total_a": 0.08450704225352113, "speed_ias_in_knots": 0.014084507042253521}